,salary
1504,1070000.0
3863,8333333.0
4299,795401.0
6092,14153652.0
2934,9266666.0
1343,500000.0
1313,1908000.0
3768,3300000.0
1498,5010000.0
334,650000.0
6454,3480453.0
3199,2098560.0
7142,4400000.0
4683,7600000.0
4497,893400.0
6176,854389.0
1399,2400000.0
5355,1010040.0
2133,2531250.0
3089,733000.0
5821,3000000.0
6208,3016680.0
7423,845059.0
5773,6300000.0
2536,1000000.0
3681,565850.0
676,1424000.0
6959,884293.0
4123,1033930.0
7404,3408520.0
1536,763000.0
843,2200000.0
348,155000.0
1139,1100000.0
4021,3000000.0
1018,400000.0
6,1240000.0
3361,385000.0
7373,816482.0
2760,3520000.0
5674,2487240.0
6259,13219250.0
3313,22183220.0
5396,2440000.0
4177,638679.0
3073,2250000.0
5149,15202590.0
241,9640000.0
1670,2867000.0
5467,992680.0
6162,4300000.0
1663,1000000.0
2013,10130000.0
1398,1980000.0
1434,1913000.0
2308,1050000.0
4929,8083000.0
3572,14248000.0
1029,887317.0
194,1861000.0
5084,17190000.0
5459,2111750.0
7695,1312611.0
3153,4500000.0
2486,3770000.0
192,1000000.0
423,1304520.0
5500,3600000.0
69,1120000.0
4062,587435.0
3839,5408700.0
3331,5603000.0
3897,830947.0
3791,9625000.0
2144,2400000.0
4974,3000000.0
160,1700000.0
548,800000.0
6862,17200000.0
6168,3300000.0
3570,12056000.0
1014,300000.0
6059,6500000.0
698,1625000.0
5694,8406000.0
3547,3226745.0
2554,247500.0
6816,947907.0
5188,1955160.0
2528,1054500.0
3952,563327.0
5418,9780992.0
6034,4508504.0
910,1150000.0
5036,3630000.0
6277,5632637.0
2541,778350.0
7605,2093040.0
6185,15890000.0
3195,8450000.0
4482,4500000.0
5699,4015334.0
2864,7650000.0
4741,11238564.0
1786,736000.0
4001,4067160.0
187,1700000.0
7018,6500000.0
2382,4500000.0
2971,13125000.0
542,6825514.0
509,675000.0
1495,2925000.0
2529,1221000.0
1496,3898000.0
5829,17177795.0
7333,3094014.0
6310,6993708.0
1924,2254000.0
3720,7625000.0
4317,1850160.0
6105,2801198.0
4603,1493880.0
4006,15363636.0
161,272250.0
2321,11250000.0
7392,3730653.0
4869,4400000.0
4270,15106000.0
3837,1120680.0
5283,771331.0
1174,1000000.0
1911,500000.0
7577,1471382.0
5921,1227985.0
6805,6400000.0
3948,465850.0
6053,5225000.0
4130,637435.0
4298,6466600.0
6506,5381750.0
7277,1112280.0
3961,9442697.0
5697,3700000.0
2110,3000000.0
3137,3150000.0
3143,699935.0
2524,1430000.0
1821,1300000.0
1885,375000.0
6037,5000000.0
3440,10067750.0
3319,5000000.0
6698,2406240.0
323,760000.0
1077,30000.0
7143,4650000.0
7236,3386598.0
1318,3800000.0
6306,1825359.0
4156,5500000.0
6433,268974.0
3061,3600000.0
1326,912195.0
250,2731000.0
295,5333000.0
983,2557000.0
4561,988190.0
3921,7920000.0
2454,4900000.0
7491,2947305.0
176,300000.0
2129,1425000.0
6427,26540100.0
5627,6900000.0
1731,600000.0
5350,1756951.0
7025,4319280.0
4312,1448490.0
603,250000.0
22,3200000.0
3398,865800.0
1355,1150000.0
6579,2016000.0
3000,2285000.0
3582,1200000.0
7628,2569920.0
4573,1229255.0
1619,3047000.0
5345,5048564.5
1825,1200000.0
2335,18750000.0
4655,745248.0
5867,2211837.0
4847,2900000.0
1969,1100000.0
900,2521000.0
828,900000.0
5387,2470000.0
6338,945126.0
1237,1750000.0
2235,12000000.0
6985,1793520.0
3853,2313240.0
1698,1720000.0
6069,825497.0
2201,845000.0
3126,3000000.0
6984,1768800.0
4903,3470770.0
7411,845059.0
7575,1471382.0
6716,762195.0
1552,800000.0
5660,1500000.0
2827,1300000.0
3351,12584688.0
67,700000.0
2619,14609375.0
5006,22458000.0
672,900000.0
3151,1234080.0
6888,17145838.0
1973,4030000.0
26,5051906.0
1745,1466000.0
2623,2500000.0
7477,2483040.0
779,1030000.0
998,800000.0
4113,2265000.0
3531,600000.0
7312,725228.0
6644,2626473.0
3029,3790257.0
3811,2812320.0
6892,1861920.0
3821,8900000.0
4441,1947600.0
2272,350000.0
1813,5500000.0
7052,2462400.0
5145,4493160.0
3453,5000000.0
2717,846300.0
2743,12375000.0
5655,1009560.0
2345,3998679.0
418,5600000.0
2782,14400000.0
2453,4200000.0
2054,2800000.0
7026,4505280.0
3885,7700000.0
2430,1800000.0
3528,4200000.0
6278,4020000.0
2268,845000.0
1358,469000.0
3055,985200.0
3217,1071225.0
687,1100000.0
5260,4000000.0
3098,16000.0
2005,650000.0
1892,672000.0
1715,1070000.0
2186,3816452.0
4933,720046.0
4453,10967500.0
3332,3586295.0
5348,910440.0
4422,10500000.0
5034,3000000.0
1090,150000.0
3521,938572.5
405,800000.0
1605,1750000.0
4768,880000.0
5926,1356000.0
3637,1452000.0
839,1000000.0
6428,27739975.0
5521,1265977.0
3883,6300000.0
4005,14431816.0
6600,1579920.0
5236,1189200.0
6265,14693906.0
3287,3375000.0
2218,265000.0
600,323000.0
6236,20000000.0
2568,2062800.0
2919,21247044.0
875,2215000.0
3856,9000000.0
5607,2112417.0
464,550000.0
7379,2279040.0
2672,2545000.0
6501,5000000.0
3424,385000.0
5479,2328652.0
1782,1723000.0
3746,7000000.0
4854,1500000.0
5989,11100000.0
6319,4000000.0
4376,1560840.0
6321,1270964.0
961,1100000.0
6583,10750000.0
3129,300000.0
356,1650000.0
1067,835000.0
784,400000.0
6248,2225880.0
4473,2461617.0
2696,247500.0
7015,3533333.0
6819,1315448.0
1928,3350812.0
1515,180000.0
3436,3260000.0
1822,1550000.0
7451,2250000.0
5226,1002840.0
6568,5765000.0
3687,1700000.0
2023,7560000.0
4059,5632200.0
401,225000.0
5092,6031800.0
2704,2250000.0
937,800000.0
604,1519000.0
7196,3368100.0
2269,350000.0
7270,12078652.0
1735,3175000.0
856,2850000.0
4278,16000000.0
236,3333300.0
6766,72193.0
1739,182000.0
4166,1900000.0
4126,4151786.0
7211,1210080.0
6302,1965720.0
2425,4250000.0
2365,7680000.0
7440,1587480.0
4953,5260000.0
6817,1276061.0
1763,350000.0
602,363000.0
2698,1040000.0
7636,1577280.0
330,375000.0
7255,862000.0
3323,3300000.0
2634,5025000.0
6975,4006080.0
4051,1352181.0
7498,2505720.0
845,2600000.0
2922,8500000.0
6270,86638.0
5,1309000.0
2208,1560000.0
4271,16452000.0
2008,3765000.0
507,5445600.0
3902,5393300.0
230,2100000.0
4452,563679.0
3293,6200000.0
3216,1094550.0
4129,565850.0
2724,7312500.0
4577,2328843.0
6567,1315448.0
6158,4000000.0
6329,3815000.0
3689,699935.0
5801,3900000.0
206,3660000.0
3859,13775000.0
6538,7900000.0
1220,2100000.0
2277,2475000.0
1987,300000.0
6458,1551659.0
7677,1386600.0
2437,2000000.0
73,850000.0
5609,1675000.0
6135,6262347.0
6591,6270000.0
798,3967000.0
5464,1048800.0
305,1920000.0
4362,10500000.0
1772,764000.0
6093,14796348.0
1173,480000.0
7293,1533840.0
2455,5600000.0
7245,1015696.0
3540,3000000.0
4948,1250000.0
3379,11532037.0
7657,1312611.0
5170,11300000.0
6091,11200000.0
915,247500.0
6345,8000000.0
6055,1805040.0
6395,2277306.0
6113,8070175.0
1717,600000.0
3304,1300000.0
1876,510000.0
2905,1399507.0
4431,5000000.0
3026,2475000.0
1917,296000.0
1968,14625000.0
6833,10154495.0
1240,2605000.0
1000,525000.0
2615,7200000.0
597,640000.0
6528,12250000.0
590,605000.0
6566,6334776.5
2855,20000.0
3571,13152000.0
4528,1457500.0
7200,884293.0
2159,1200000.0
1701,1950000.0
157,2275000.0
1621,4266000.0
4879,7000000.0
165,2004000.0
2323,13500000.0
7344,142091.5
2175,6000000.0
4859,2753760.0
665,6833000.0
2116,1306455.0
7393,10500000.0
3364,565850.0
3303,1182600.0
955,5000000.0
2831,6100000.0
5899,1222320.0
6252,15719063.0
5373,3823000.0
4072,590850.0
7189,1424520.0
572,775000.0
5538,1080000.0
3120,1461000.0
2869,1000000.0
4783,1556160.0
7062,1422720.0
4091,637435.0
5544,6031800.0
7504,1149500.0
4649,926678.0
6677,2978250.0
4801,2328652.0
3826,688679.0
2914,18000000.0
337,1420250.0
925,3018000.0
298,1250000.0
680,1000000.0
5804,3850000.0
3159,2800000.0
7072,1809840.0
7195,3229050.0
56,500000.0
2766,8091188.0
882,910000.0
1709,4500000.0
1838,600000.0
2925,330000.0
7237,48028.0
4170,1510000.0
4654,2720760.0
5728,1824493.0
2204,1168750.0
1377,1614000.0
4494,1448490.0
7391,3425510.0
2627,4725000.0
6463,163648.0
1407,1413000.0
587,1000000.0
3690,813679.0
2691,8666666.0
3738,20000.0
1993,2040000.0
3460,5899400.0
5977,8797952.0
5468,1137960.0
2143,2000000.0
1649,600000.0
6275,4165560.0
7329,6552960.0
3060,3200000.0
4997,2116955.0
2576,700000.0
4201,800000.0
1123,326700.0
1455,2500000.0
4821,4621800.0
4479,8000000.0
3451,8333334.0
3008,1864080.0
3938,3300000.0
6582,2462400.0
7310,4008882.0
1120,2278000.0
4185,5000000.0
5067,1037280.0
2016,13500000.0
4387,2789280.0
6577,1516680.0
5825,5069449.0
3356,11641095.0
6146,2750000.0
503,3000000.0
7319,947276.0
17,250000.0
3578,2000000.0
6626,2755560.0
7675,1632480.0
1699,1845000.0
1769,138171.0
406,970000.0
7591,874636.0
4509,4506261.0
1972,3400000.0
100,1800000.0
6439,2652000.0
4530,9079811.0
5561,24300.0
4502,1348200.0
6104,19578455.0
1923,2012500.0
3459,5445600.0
5599,19500000.0
3097,350000.0
570,600000.0
90,3600000.0
6820,3500000.0
6513,4000000.0
1012,3750000.0
3559,998967.0
3466,2051271.0
2174,5400000.0
807,1950000.0
6615,7525000.0
4439,1399507.0
5332,2700000.0
3237,10130000.0
1030,335000.0
3283,1680000.0
5510,18668431.0
7476,2380440.0
7218,4600000.0
6188,1246680.0
111,3200000.0
2586,550000.0
5151,18091770.0
1914,247500.0
2787,11650000.0
6802,1113600.0
7704,1312611.0
6061,1776240.0
1078,250000.0
434,1000000.0
3813,9963596.0
5781,4200000.0
5179,14814815.0
1075,700000.0
653,1000000.0
5138,10000000.0
2,825000.0
1606,1750000.0
268,2100000.0
3049,6495000.0
4629,7235955.0
4590,3500000.0
2846,19490625.0
4096,3000000.0
7445,947300.0
2366,8447500.0
6880,2023261.0
2010,4064373.0
5129,4402546.0
2693,11555554.0
4765,620046.0
3018,903120.0
7573,3097800.0
470,915000.0
1381,510000.0
5093,3500000.0
2249,3240000.0
6836,1112880.0
2024,8370000.0
7307,23962573.0
2368,13152000.0
109,2000000.0
3868,9862500.0
6586,762195.0
6368,2671440.0
2310,8900000.0
2198,305000.0
4218,3135000.0
6193,9439000.0
5321,2200000.0
3382,385000.0
6043,2170465.0
3534,3300000.0
77,1650000.0
4500,1958353.0
5089,3024000.0
1357,1150000.0
2309,1293000.0
4729,1404360.0
2731,6375000.0
2184,6585000.0
3779,7269264.0
1718,335000.0
2031,1000000.0
869,1988000.0
6401,1898760.0
6086,2901241.0
5243,8600000.0
4009,437470.0
6238,736420.0
6001,1551659.0
5698,4088500.0
4414,5400000.0
1702,450000.0
4775,8000000.0
6138,554002.0
2882,2250000.0
4630,7707865.0
7664,1312611.0
4634,10666667.0
2642,15694250.0
6758,5479934.0
327,1400000.0
1854,650000.0
7654,4046760.0
2344,2700000.0
40,435000.0
3210,691560.0
4709,4000000.0
1132,1000000.0
5307,1460640.0
4385,1352181.0
3251,12500000.0
1937,3680000.0
2852,30453805.0
2935,9566667.0
2187,250000.0
1242,3500000.0
7626,6216840.0
7043,6286408.0
7131,15200000.0
6669,1120440.0
6509,2855760.0
1883,1589250.0
7274,91605.0
2712,4795000.0
114,905000.0
2899,5361950.0
3913,1280040.0
5204,6641440.0
333,1100000.0
1112,930000.0
7184,5000000.0
7109,788872.0
4,1309000.0
3634,6819000.0
3021,272250.0
6268,21165675.0
4158,7500000.0
545,553000.0
1247,5476000.0
2862,11250000.0
495,2265000.0
2742,11250000.0
6683,762195.0
231,915000.0
5473,5000000.0
1463,1258000.0
1891,1540000.0
990,637435.0
5075,9385000.0
3932,1654320.0
5193,2480885.0
1286,406000.0
5141,8100000.0
4220,612435.0
5640,797581.0
7497,2022240.0
4342,1408680.0
4499,2753218.0
2247,2160000.0
1757,182500.0
4147,6864200.0
4045,1399507.0
4567,1834080.0
2663,1200000.0
7252,947276.0
6827,1193280.0
2705,4538000.0
950,1160000.0
2539,1235000.0
7524,2041080.0
4669,1127280.0
2730,5843750.0
6771,3105302.0
5248,3499460.5
867,2185000.0
5585,1800000.0
1380,1145000.0
6096,1317120.0
7689,1504560.0
458,2380000.0
1454,2250000.0
3925,5000000.0
3016,8329640.0
7659,1312611.0
6305,1750000.0
7031,915243.0
1799,1200000.0
2352,8960000.0
690,2000000.0
6397,1063384.0
3373,2970840.0
1748,2742600.0
3034,4950000.0
2511,1540000.0
1903,1700000.0
3717,5692500.0
2889,2200000.0
2051,6150000.0
1043,1760000.0
922,1665000.0
5654,945000.0
1840,800000.0
2188,2025000.0
722,1000000.0
6446,5251825.0
1081,140000.0
5429,770610.0
1337,5952381.0
2119,3068000.0
1436,4000000.0
3480,385000.0
5573,4466040.0
3229,460000.0
4447,542475.0
2404,425000.0
3828,1670000.0
1771,130700.0
6041,4257973.0
1022,2280000.0
2032,1000000.0
7163,2854940.0
3376,8178750.0
3679,163085.0
7347,1210800.0
7076,10162922.0
2507,12072500.0
5753,687456.0
6555,854389.0
3214,813679.0
4442,662435.0
609,400000.0
5442,1983454.0
2908,16806300.0
5234,3701237.5
876,2658000.0
4016,8037037.0
6918,1987320.0
988,677080.0
1290,3543000.0
5456,992680.0
108,2000000.0
1006,2200000.0
1332,1950000.0
7616,3267120.0
4364,12600000.0
3630,5000600.0
167,2004000.0
4448,5446800.0
238,4833333.0
3869,10650000.0
667,6833333.0
428,2069000.0
1379,2457000.0
6925,2989239.0
4450,3627549.0
2565,5117880.0
5342,8368182.0
4524,5252065.0
259,605000.0
447,500000.0
2312,11027862.0
4581,89364.0
2944,14625000.0
3056,350000.0
5097,964320.0
4636,13333333.0
2193,572000.0
2405,375000.0
517,1200000.0
6005,4250000.0
3774,8000000.0
7415,1662360.0
2961,1053360.0
7079,12517606.0
4976,1760000.0
3605,8260000.0
5263,2000000.0
1064,650000.0
2512,845000.0
1167,550000.0
823,2100000.0
577,650000.0
4787,620046.0
7248,2399040.0
7574,1358500.0
1374,825000.0
7071,16400000.0
7341,5893981.0
1890,1320000.0
3112,117867.0
2270,350000.0
6064,1001880.0
6495,1685280.0
4745,3700748.0
2870,60000.0
6963,6261395.0
6915,1046269.0
7032,6500000.0
5305,13760000.0
6124,2143080.0
2109,3870912.0
7201,5700000.0
4119,1616087.0
173,1000000.0
1531,300000.0
7157,2339040.0
1957,358000.0
3285,2794920.0
5960,3000000.0
2363,5223333.0
35,2075000.0
1540,370000.0
1384,1073000.0
7010,22116750.0
7327,4978200.0
1871,250000.0
5689,16460538.0
6859,1545840.0
3761,8022449.0
4734,3500000.0
3209,3886527.5
3062,4000000.0
969,3057000.0
3864,7500000.0
3197,1065918.0
6481,1300000.0
5683,4000000.0
1809,250000.0
7613,4503600.0
3574,15959099.0
5623,826269.0
5918,711517.0
255,1000000.0
4761,4702500.0
3682,637435.0
5221,5305000.0
7678,2684160.0
6693,762195.0
1966,12375000.0
4281,4350000.0
296,5333333.0
4235,3974760.0
275,600000.0
3661,2350000.0
6897,18868625.0
4261,2550000.0
5785,1130819.0
2154,6200000.0
4136,5000000.0
7134,400000.0
6314,2116955.0
658,1930000.0
7213,25000.0
5339,6300000.0
484,1800000.0
1055,2400000.0
383,1750000.0
3743,1448400.0
6349,3100000.0
6461,3192000.0
3629,4546000.0
7408,1524305.0
733,2500000.0
5066,969696.0
5533,783000.0
1904,2040000.0
4964,12000000.0
5239,7700000.0
7089,4500000.0
6559,21165675.0
1906,2720000.0
3102,932546.0
3731,2700000.0
5207,1095960.0
3085,4000000.0
4144,5393300.0
7554,17224.0
3054,9742500.0
6291,3000000.0
5615,9250000.0
5377,17637.0
2069,556250.0
1694,250000.0
1651,140000.0
5952,12000000.0
5059,13250000.0
3797,1123560.0
4275,19285850.0
6773,6268675.0
5715,2077000.0
6882,7330000.0
1198,725000.0
1858,2300000.0
5696,687456.0
7417,1524305.0
3180,1920000.0
2203,1500000.0
3179,122000.0
3651,3000000.0
2319,8505000.0
2789,13930000.0
302,1007500.0
6101,8491500.0
3951,637435.0
3949,18748.0
5939,4051024.0
1393,1240000.0
7621,1988520.0
3715,1436982.0
705,1262000.0
2610,3150961.5
895,615000.0
788,500000.0
5007,22875000.0
6399,1569207.0
6923,2063040.0
1056,2400000.0
4086,5356000.0
3934,745046.0
2967,8750000.0
4255,5800000.0
1102,230000.0
70,1330000.0
5659,4000000.0
49,600000.0
6264,13668750.0
1147,2625000.0
6846,2406240.0
1468,947907.0
1461,425000.0
6620,321652.0
318,845000.0
6039,3670667.0
4849,620046.0
1109,3680000.0
6110,3231683.0
1820,1000000.0
1979,420000.0
6719,2532960.0
3396,1399507.0
5816,4000000.0
2028,845000.0
1037,400000.0
243,11248076.0
6131,9424084.0
7174,788872.0
1761,200000.0
1575,1700000.0
5725,219533.0
598,200000.0
5033,3240380.0
6690,1227286.0
4383,6883800.0
5443,5800000.0
1661,700000.0
6647,14000000.0
3675,960480.0
2965,5750000.0
1826,1499000.0
4998,3713640.0
1088,735000.0
1478,1030000.0
4435,4700000.0
1696,1900000.0
4694,1600000.0
2574,1000000.0
4256,6100000.0
2245,350000.0
1093,1317000.0
715,1265000.0
1411,3750000.0
2055,3200000.0
1387,456000.0
622,958000.0
4853,1500000.0
3958,13500000.0
1859,3390000.0
3076,5000600.0
2916,24751934.0
5985,2295480.0
6322,3500000.0
5117,35091.0
3117,5039068.0
390,1700000.0
6363,14693906.0
6465,227164.0
2152,3833000.0
148,666600.0
2467,3000000.0
7220,1873200.0
3248,9500000.0
7265,1474440.0
5487,7000000.0
7361,981084.0
2867,4590338.0
1768,1000000.0
2796,4448000.0
1111,855000.0
4287,1271400.0
6272,915852.0
3678,1000000.0
7606,114311.5
893,6815000.0
3164,5520000.0
1646,8460714.0
5229,11100005.0
6326,4200000.0
6204,19700000.0
4061,465850.0
6935,13550000.0
1787,1244000.0
45,2600000.0
6361,5082416.0
3497,832560.0
2123,247500.0
5707,4000000.0
734,3000000.0
7360,6000000.0
6704,19508958.0
2930,1762000.0
6831,3034356.0
5941,6500000.0
4236,4252080.0
4518,4837500.0
3295,27059.0
3239,12375000.0
497,50000.0
691,2200000.0
7668,3675480.0
560,247500.0
6468,3250000.0
5767,2000160.0
620,1377000.0
6614,7000000.0
5047,14598888.0
4476,9249980.0
7030,788872.0
209,2000000.0
5645,3500000.0
6046,1326360.0
3238,11250000.0
5160,3200000.0
7466,2148360.0
1202,2500000.0
5969,429543.5
7263,9607500.0
4993,4494382.0
1608,1750000.0
4579,3300000.0
1681,2700000.0
3389,9350649.0
4890,4325000.0
6575,17884176.0
755,1325000.0
5777,23000000.0
4682,7100000.0
208,2100000.0
2411,1178348.0
3347,2503800.0
1853,350000.0
613,565000.0
2003,350000.0
3635,2300000.0
6225,1116840.0
4064,835810.0
7121,3340920.0
6157,773500.0
1963,7770000.0
1049,4400000.0
5222,5543725.0
432,1300000.0
7041,915243.0
1572,3600000.0
314,125000.0
42,620000.0
3772,1934520.0
4689,695046.0
816,1200000.0
7543,2223600.0
5822,4000000.0
5710,9930500.0
3369,3884678.0
1622,4875200.0
2820,18388430.0
5679,8175476.0
3968,4550000.0
3936,3348000.0
2581,5250000.0
3627,939360.0
3788,7000000.0
1099,1000000.0
6744,3000000.0
7164,1050961.0
5130,1540000.0
4350,1352181.0
3562,650000.0
6469,1063384.0
4032,7750000.0
697,1400000.0
2843,14175000.0
5513,22868827.0
1207,1000000.0
466,15800.0
5303,5000000.0
712,750000.0
1850,2200000.0
3130,460000.0
7553,138949.0
7246,126732.5
3588,1000000.0
4999,13041250.0
2180,1000000.0
3374,3755142.0
768,1050000.0
2492,8990000.0
2041,2500000.0
2578,3675000.0
3733,316969.0
7630,1889040.0
4892,1274160.0
6076,2630503.0
3403,3500000.0
2322,12375000.0
6988,12250000.0
6580,2106720.0
3267,16300000.0
1129,3400000.0
1141,325000.0
3038,7150000.0
1004,2180000.0
944,860000.0
4215,6864200.0
3515,5500000.0
3915,1650000.0
3063,4400000.0
6032,8591793.0
1550,9300000.0
6858,1524480.0
6537,7900000.0
6898,762195.0
863,450000.0
3138,3375000.0
4347,10126984.0
459,125000.0
5756,7600000.0
7250,2700000.0
5423,2328652.0
6406,1455960.0
7470,4823621.0
3684,768718.0
1691,2900000.0
4942,18673000.0
3429,7200000.0
2155,6975000.0
3442,13843156.0
5440,664209.0
5932,9445000.0
6565,11595506.0
6809,5915880.0
3452,25000000.0
1992,1658000.0
3207,5632200.0
6893,1887840.0
3610,810000.0
5716,2170465.0
4533,11854584.0
1269,600000.0
5771,6750000.0
4898,1223166.0
2074,1040000.0
4474,7438000.0
5134,260692.0
3430,8125000.0
2817,14625000.0
4572,6883800.0
1279,790000.0
1541,682000.0
2294,8000000.0
6094,2583360.0
5708,1516800.0
4052,1399507.0
7611,1516320.0
2290,2000000.0
4445,300000.0
5820,2119102.0
5272,5200000.0
2635,5850000.0
184,1100000.0
1348,181100.0
6762,854389.0
3693,2111640.0
4515,3750000.0
1069,350000.0
304,1600000.0
180,1100000.0
759,1337500.0
2508,13279750.0
4930,7583000.0
1539,900000.0
5420,7097191.0
4625,9500000.0
367,300000.0
1783,2120000.0
6367,28530608.0
15,500000.0
4322,14232567.0
2357,14576250.0
7437,8533333.0
4543,4000000.0
2509,14487000.0
5727,1011360.0
3417,16901500.0
5535,89101.0
6044,6000000.0
2374,8000000.0
7501,845059.0
4867,3630363.0
7460,210006.0
4946,8939326.0
3007,272250.0
2715,247500.0
338,450000.0
7183,1090000.0
120,295000.0
1438,2475000.0
1819,2700000.0
6515,1627920.0
735,1000000.0
5040,641748.0
792,1544000.0
6303,2911231.0
5555,3448050.0
3409,3006260.0
4740,9464307.0
4017,76850.0
3053,5381500.0
999,500000.0
3737,1070280.0
4074,2458500.0
2166,250000.0
2483,5410000.0
4428,1215000.0
4658,1326600.0
6983,3340920.0
4165,465850.0
6990,5016960.0
7332,2165160.0
1039,2000000.0
6844,247991.0
4875,6760563.0
6058,1227985.0
4277,15500000.0
7095,981348.0
4850,2650000.0
3624,610000.0
3840,5900400.0
1967,13500000.0
580,1235000.0
6369,5000000.0
4314,2500000.0
4466,2500000.0
6664,4916974.0
421,1000000.0
3984,786600.0
6526,1288200.0
4835,5525000.0
3167,6750000.0
1831,4800000.0
5480,4000000.0
4967,1551659.0
2664,3520000.0
1031,333000.0
2887,272250.0
918,1283000.0
3538,4500000.0
2020,4320000.0
6628,3700000.0
4189,9389600.0
1570,1100000.0
138,130000.0
6000,2083443.0
3434,2716667.0
6353,5000000.0
3760,7305500.0
41,540000.0
85,1630000.0
5759,9500000.0
3358,15076715.0
4169,512435.0
1386,456000.0
7536,5318313.0
1356,865000.0
6229,1157160.0
7009,3873398.0
5516,1100000.0
928,3500000.0
5559,1316809.0
6895,16500000.0
1775,1295000.0
4720,14410581.0
4811,863640.0
7299,1500000.0
7569,1191480.0
7457,845059.0
7493,5152440.0
4607,1100000.0
2871,1200000.0
4575,1506000.0
1965,11250000.0
2058,2000000.0
7496,1938840.0
4396,6204250.0
1793,2350000.0
4003,10636364.0
5705,4000000.0
7217,981084.0
1278,608000.0
2542,1000000.0
811,1300000.0
1122,247500.0
1208,450000.0
1824,1371250.0
6519,9904495.0
3325,523500.0
1217,650000.0
5684,2411160.0
4199,995650.0
5529,1080000.0
5483,5000000.0
3745,7000000.0
679,1000000.0
6947,9000000.0
6375,2227333.0
6346,2645000.0
3435,2990000.0
166,2004500.0
5180,641748.0
1867,4500000.0
1603,755000.0
2858,7300000.0
489,1790000.0
526,8000000.0
3565,2750000.0
1625,500000.0
6175,736000.0
6015,797581.0
1248,6739000.0
6019,769431.0
7207,5138430.0
6425,9500000.0
4460,638679.0
3486,1480000.0
6906,884293.0
3292,5800000.0
3139,5259000.0
2737,1334299.0
6358,854389.0
765,2416000.0
7433,1524305.0
1805,1402000.0
4254,5500000.0
5199,9769821.0
3806,3600000.0
262,360000.0
7540,17000000.0
5959,827197.0
3764,1448490.0
2127,250000.0
7001,1482752.5
6710,7226892.0
2646,3000000.0
4970,6250000.0
1618,1540000.0
6383,885120.0
135,1275000.0
226,607500.0
6769,1959960.0
2814,11250000.0
3789,7875000.0
3795,4752000.0
7537,12584270.0
7425,6666667.0
5419,6791570.0
4150,11015850.0
5638,711517.0
297,5433333.0
3769,3600000.0
1565,375000.0
317,1025000.0
6760,17884176.0
6054,1687320.0
4595,563679.0
3657,15070000.0
4020,1540000.0
2158,9300000.0
3330,5253000.0
7692,3000000.0
1538,900000.0
4517,4500000.0
7102,2489530.0
1791,1300000.0
4470,1100000.0
5421,7402812.0
5629,1551659.0
1635,4110000.0
7285,13000000.0
3310,17429672.0
921,474000.0
7094,137285.5
775,2850000.0
7148,926500.0
3640,3120000.0
7507,565274.0
1222,1430000.0
6183,7500000.0
2179,600000.0
5434,8000000.0
2014,11250000.0
6226,2015896.0
2533,1700000.0
4757,1097640.0
912,791000.0
493,3570000.0
1170,29000.0
4127,2500000.0
7499,2613600.0
5871,1655760.0
1009,525000.0
201,1006000.0
4210,2533440.0
3918,2577937.0
3501,750000.0
7337,2328530.0
5978,1551659.0
6942,2800000.0
4325,18038573.0
635,2200000.0
947,1600000.0
2755,4390000.0
7648,4956480.0
5131,961320.0
5351,4524887.0
5894,28530608.0
724,2000000.0
4885,1250000.0
1583,8050000.0
4918,3680000.0
4535,14107492.0
7111,2202000.0
3763,9316796.0
3773,2460709.0
3401,1500000.0
4145,5883600.0
5651,1867742.0
3152,4250000.0
1576,2100000.0
1177,846000.0
2064,13158.0
404,850000.0
7086,981000.0
6301,1837560.0
3598,1306455.0
2621,2889000.0
1528,2400000.0
6945,1703760.0
5734,5750000.0
510,775000.0
6497,13686750.0
4901,1910520.0
7394,845059.0
2234,11000000.0
4954,5680000.0
3553,1179720.0
3776,8733333.0
926,2924000.0
1878,740000.0
3777,10333334.0
4208,636679.0
4128,2240450.0
1456,11000000.0
2267,500000.0
316,825000.0
5951,12000000.0
6485,3183000.0
380,550000.0
605,1619000.0
7235,2658240.0
946,1500000.0
2983,2000000.0
562,1000000.0
6206,22642350.0
1884,965850.0
3160,3600000.0
2677,5393300.0
5091,5585000.0
247,1250000.0
5132,2300000.0
2297,3120000.0
482,760000.0
4897,101147.5
4752,2470000.0
453,2500000.0
4591,3780000.0
2149,615000.0
1750,5200000.0
7336,1415520.0
931,8421875.0
4339,17823000.0
2709,6353200.0
7152,23112004.0
2690,7222000.0
5078,12325000.0
473,1428000.0
7122,4236287.0
5824,4010640.0
3003,6008750.0
6656,1524480.0
416,3728000.0
1792,225000.0
5206,682050.0
7269,11235955.0
4676,4847586.0
3226,550000.0
3186,2100000.0
7234,2548560.0
1658,250000.0
546,550000.0
3132,903360.0
2288,225000.0
6930,603031.0
5950,12000000.0
664,1000000.0
4465,563679.0
5566,4800000.0
1959,700000.0
1160,570000.0
24,4000000.0
6517,2674852.0
200,900000.0
7159,3100000.0
3917,2026680.0
7580,13000000.0
5967,2071680.0
414,690000.0
2236,12750000.0
3907,1352181.0
1918,548500.0
4778,8500000.0
2030,1430000.0
2097,12750000.0
3365,637435.0
2299,5200000.0
2057,4000000.0
4606,2500000.0
5799,3300000.0
668,6833000.0
4397,512435.0
4806,1910000.0
7533,1749840.0
3348,2678400.0
391,2250000.0
6065,1071720.0
3035,5500000.0
2986,715850.0
6920,5000000.0
3443,16360094.0
57,750000.0
860,4090920.0
549,750000.0
2790,5854000.0
6569,6135160.0
139,1200000.0
5133,2484000.0
5602,687456.0
3263,13843156.0
2818,13223140.0
2928,384000.0
6856,884293.0
4336,13735000.0
2700,2794000.0
565,363000.0
4921,2750000.0
7083,576054.5
739,760000.0
424,2281605.0
1303,420000.0
2488,5510000.0
1193,250000.0
5311,11600000.0
1319,4400000.0
3566,2950000.0
6323,1658280.0
2065,1365000.0
3071,425000.0
7120,3202920.0
1317,3200000.0
3324,460000.0
7382,1650000.0
3296,498500.0
7578,2730000.0
4522,563679.0
3950,465850.0
1949,1023000.0
1675,2090000.0
3873,1499187.0
7091,5000000.0
1833,5300000.0
227,1500000.0
4881,900000.0
5632,1834680.0
978,1722000.0
933,5287500.0
3350,10067750.0
1752,6900000.0
4652,563679.0
682,473000.0
3420,1352181.0
1003,1570000.0
935,1600000.0
5841,2600000.0
5076,10370425.0
5497,2620126.0
1693,4640000.0
4413,1554326.0
3922,9360000.0
7340,4662960.0
4415,6300000.0
7116,2317920.0
4844,2500000.0
4664,114716.0
591,605000.0
336,1196000.0
4324,16324500.0
6452,7500000.0
1325,1070000.0
1002,1340000.0
3096,2000000.0
3825,612435.0
5198,13833333.0
6244,5450000.0
6681,947907.0
1025,10000000.0
4660,2177114.0
6785,9250000.0
2422,1624000.0
3196,9100000.0
2390,2730000.0
395,1063000.0
2877,8662500.0
7065,17000000.0
6738,1100600.0
7296,1724250.0
4820,4320360.0
1157,750000.0
2459,1600000.0
2315,247500.0
4601,1990000.0
5520,1069509.0
2280,1219590.0
4407,8640000.0
885,1552000.0
889,4702000.0
2034,500000.0
879,2200000.0
1804,1532000.0
6234,8000000.0
6581,1601040.0
1241,750000.0
4411,805320.0
4556,2312760.0
2219,300000.0
2522,1040000.0
5534,664209.0
7653,2500000.0
7349,9259259.0
4200,546000.0
4667,3710880.0
1945,1070000.0
7150,15361500.0
2306,1120000.0
3201,9675000.0
2118,2584000.0
5316,3449500.0
427,1725000.0
5224,7692308.0
375,4111000.0
2718,3000000.0
4559,2900000.0
5895,1381560.0
7227,1015696.0
2157,8525000.0
1432,1362500.0
6010,1939893.0
2957,20700.0
5291,1262275.0
3492,10800000.0
1938,4048000.0
6242,2225093.0
344,456000.0
5611,4838880.0
1547,6300000.0
7529,6006600.0
1150,1500000.0
4888,6500000.0
4773,2152800.0
4240,1076400.0
7375,1577320.0
6608,916099.0
2045,4350000.0
3176,2855700.0
5306,1365360.0
1828,1703000.0
7492,350000.0
7060,11050000.0
6398,3000000.0
2667,545000.0
1104,1275000.0
2741,1748760.0
7088,4500000.0
3155,5000000.0
3997,1121280.0
4705,1000000.0
3544,1375920.0
5594,11244000.0
5058,6250000.0
5593,5844827.0
5591,4329360.0
6136,5750000.0
5898,85519.0
1082,150000.0
398,850000.0
2813,10130000.0
4087,5592240.0
3767,3000000.0
3642,986400.0
2293,8000000.0
37,2075000.0
1113,922000.0
7485,12500000.0
5460,5250000.0
1264,2250000.0
7447,4615385.0
6891,884293.0
6179,1972000.0
1849,791341.0
747,800000.0
3116,1678800.0
1087,610000.0
4650,534906.0
1294,4000000.0
6507,2989918.5
7162,788872.0
3591,745046.0
2807,5000000.0
6460,1087500.0
3301,6187500.0
4718,4235220.0
995,2633000.0
6260,13788500.0
596,500000.0
2307,1330000.0
1626,600000.0
6764,3250000.0
5389,3000000.0
4980,8860000.0
716,1355000.0
5636,1069509.0
6894,2894059.0
328,1500000.0
7442,2550055.0
5113,6404750.0
6879,1120920.0
5319,1537440.0
3418,20370437.0
6410,5013559.0
6239,854389.0
5111,3862080.0
1765,600000.0
4639,17666666.0
6962,6587132.0
2936,630000.0
1900,943000.0
7346,1160880.0
4526,6250195.0
3710,5020000.0
6334,3001284.0
5471,4500000.0
4175,1229255.0
7438,1201440.0
3277,7344000.0
177,900000.0
2056,3600000.0
4531,9905248.0
2168,1040000.0
5735,5750000.0
5579,7500000.0
1273,2013000.0
1371,650000.0
5127,4053000.0
2191,2000000.0
2744,12375000.0
7140,2288205.0
3299,1940702.0
2845,17718750.0
2275,4005000.0
4487,1300000.0
6903,762195.0
5723,1500000.0
3410,1767120.0
1988,1040000.0
2559,3600000.0
4870,4956818.0
7090,5000000.0
890,5248000.0
1777,752500.0
3929,13253012.0
79,1500000.0
225,900000.0
7592,1471382.0
7053,2568360.0
6558,19500000.0
4321,13488377.0
382,1750000.0
547,150000.0
4909,1127280.0
5765,1055000.0
3787,4800000.0
6360,4017720.0
4748,5393300.0
3276,5330000.0
7117,3075880.0
6385,5000000.0
7449,1406520.0
1191,272250.0
7579,2847600.0
7232,2255644.0
346,1250000.0
3711,6000000.0
6792,4180000.0
6121,12235750.0
2050,6850000.0
2918,18800000.0
3998,1726771.0
5215,3254880.0
5524,1511344.0
832,750000.0
1523,2160000.0
5062,2242003.0
294,5333000.0
919,1408000.0
2424,5500000.0
951,1278000.0
5327,641748.0
3044,4500000.0
7424,5200000.0
3320,1881250.0
6342,915852.0
5984,138196.66666666666
284,1200000.0
5195,12000000.0
7463,1709720.0
6257,6124728.0
4713,2077000.0
5231,12439675.0
7428,4171680.0
3066,5746000.0
6031,7775378.0
5800,3600000.0
232,770000.0
3552,1102800.0
638,272500.0
4932,745046.0
7068,915243.0
4190,10243200.0
2476,1300000.0
307,2290000.0
475,1946000.0
861,5488000.0
4368,12500000.0
6642,1596360.0
4449,5900700.0
3414,13279750.0
1548,7400000.0
7101,1618680.0
1726,650000.0
6066,711517.0
7124,26153057.0
5015,5854000.0
4928,8500000.0
4955,1247160.0
1287,135000.0
87,2500000.0
112,3200000.0
4755,620046.0
7525,2128920.0
2625,500000.0
1755,158071.0
1257,802000.0
7282,816482.0
1328,903000.0
2042,3000000.0
3999,8533333.0
4116,2104053.5
44,2400000.0
5214,5543116.0
5885,3630480.0
763,1392500.0
4938,13041250.0
5940,8500000.0
2094,5000000.0
2892,3000000.0
659,2380000.0
5621,973328.0
5853,125562.0
4070,3250000.0
7403,3332940.0
992,700000.0
518,300000.0
6051,4300000.0
5610,1675000.0
4320,12744189.0
7644,4468800.0
2757,5639999.0
4922,925680.0
5809,2300000.0
7112,3034356.0
5744,3700000.0
3203,11825000.0
7304,2421000.0
2622,10848375.0
1760,150000.0
4204,4100000.0
1882,2800000.0
3548,5800000.0
1517,1810000.0
5518,1250000.0
2652,1400000.0
5375,3000000.0
7104,2793960.0
3892,751179.0
1354,1402000.0
2849,24806250.0
980,1000000.0
5979,1877572.0
1974,4666000.0
3860,1579080.0
1215,2000000.0
1251,8000000.0
4416,6750000.0
4823,13041250.0
617,1333000.0
1574,575000.0
6205,21165675.0
5748,2225000.0
3206,5215000.0
6078,5600000.0
2825,3229050.0
269,2300000.0
2473,225000.0
799,2730000.0
7021,2000000.0
2120,3552000.0
862,360000.0
709,6000000.0
6381,780871.0
6928,8000000.0
5304,12800000.0
2478,1752000.0
3011,10130000.0
1595,300000.0
1700,1650000.0
5189,40501.0
7177,3333334.0
2949,975000.0
1794,2731000.0
7603,4788840.0
3388,8571429.0
2687,1262275.0
2964,5500000.0
3854,2933187.0
2484,736000.0
5293,641748.0
575,950000.0
5928,3287640.0
908,1110000.0
2907,14000000.0
6702,17120106.0
4423,9500000.0
4772,1229255.0
6829,2171640.0
7436,980431.0
5001,15779912.0
5202,5784480.0
2661,4252435.0
2242,602173.0
6720,2709720.0
5604,3300000.0
4475,8218990.0
7275,3013512.0
2632,7682188.0
6261,3401040.0
4171,1803600.0
6793,303137.0
4083,4400000.0
7308,3026280.0
4815,10890000.0
4106,1097520.0
4525,5751130.0
343,355000.0
379,950000.0
2102,1173000.0
118,2233000.0
1753,7550000.0
914,225000.0
53,300000.0
3727,2486903.5
2959,3600000.0
6313,21323250.0
5071,3250000.0
7472,845059.0
3781,5000000.0
7128,788872.0
4598,1750000.0
2274,3100000.0
5372,3500000.0
4477,9780970.0
6779,3146068.0
6417,10629213.0
4789,3388000.0
3030,1890000.0
5849,7750000.0
4549,7151183.0
4292,638679.0
4769,1100000.0
1669,2414000.0
2579,3937500.0
3947,465850.0
6419,12112359.0
4370,13437500.0
3708,4290000.0
6411,5229454.0
7702,6000000.0
7135,788872.0
2998,272250.0
1708,2568000.0
5806,687456.0
6422,2625000.0
6748,8374646.0
6875,16000000.0
4471,1804680.0
3272,4088091.0
4167,530943.0
3529,4900000.0
6376,918000.0
3699,10000000.0
3269,3090000.0
5336,945600.0
5648,16889000.0
6646,13086957.0
872,1250000.0
3650,6655000.0
3537,4200000.0
6867,14746000.0
483,1800000.0
2408,673500.0
5626,6450000.0
6047,2187913.0
5238,1961609.0
2313,13233434.0
6255,22642350.0
6653,4775000.0
4604,2500000.0
6224,1044000.0
240,8837774.0
1005,2000000.0
4078,1306455.0
5495,1653720.0
1262,2000000.0
6149,6333333.0
3496,7766160.0
3973,5100000.0
4593,1146337.0
1486,510000.0
512,715000.0
7283,1000000.0
6521,11286518.0
2556,247500.0
4359,800400.0
2000,1030000.0
3755,12330000.0
3616,13700000.0
7272,2090000.0
1334,14857000.0
4763,7000000.0
6648,14500000.0
1464,1567500.0
5998,3750000.0
3866,8898000.0
5537,1000000.0
1288,2843000.0
3893,1418400.0
6973,16663575.0
1803,1402000.0
6080,4994420.0
1920,1120000.0
4516,3183000.0
7532,1209680.0
533,750000.0
586,2600000.0
1338,6500000.0
7700,1312611.0
5863,7600000.0
4174,1300000.0
293,1350000.0
4354,2704350.0
55,500000.0
3770,3400000.0
902,2820710.0
3345,371863.5
3249,10500000.0
1192,202000.0
4600,1500000.0
4498,2250000.0
6441,1211835.0
4692,3000000.0
5686,3280997.0
3816,12348596.0
4107,1174080.0
2399,5023850.0
5426,1620000.0
4097,3000000.0
4206,682500.0
1971,1550000.0
6969,2286000.0
3632,5909800.0
4121,2750000.0
211,425000.0
5112,4881669.0
7484,5782450.0
6700,3282003.0
6287,5782450.0
2477,1602000.0
1185,2600000.0
4327,21466718.0
4592,1400000.0
2781,12600000.0
7342,24773250.0
2633,1138500.0
1224,802000.0
7505,980431.0
4225,5250000.0
5035,3315000.0
4558,2700000.0
4408,10602667.0
551,1968750.0
2153,5033000.0
2997,523500.0
553,2625000.0
6117,2155365.0
6502,1528920.0
478,2396000.0
5361,992680.0
2019,3510000.0
3404,3500000.0
4122,932015.0
4704,620046.0
1597,250000.0
103,1740000.0
4031,7250000.0
750,1175000.0
1983,326700.0
589,225000.0
2135,1500000.0
625,300000.0
1863,5050000.0
5877,1173480.0
5583,1570920.0
3169,1760000.0
5068,1868141.0
5024,1857360.0
2550,562380.0
2736,7000000.0
4856,1499000.0
7036,1370000.0
1807,6889520.0
3590,481488.0
2638,9660000.0
6294,4000000.0
1640,241000.0
2779,2060000.0
7658,1312611.0
1480,1600000.0
93,5400000.0
522,2300000.0
4467,532259.0
4774,2929467.0
5027,7901040.0
3747,7000000.0
857,3200000.0
1521,1400000.0
2506,10865250.0
1887,820000.0
196,2406600.0
6574,17100000.0
229,1900000.0
4648,19466.0
3421,914760.0
6073,2858057.0
3512,1879920.0
1806,6800000.0
3194,7800000.0
5855,2725920.0
3730,2475000.0
6258,13000000.0
7231,1252440.0
4576,1572480.0
6597,62552.0
3444,18077904.0
624,485000.0
3513,2011080.0
3504,1925000.0
6412,10000000.0
7119,9904495.0
1862,4500000.0
4666,894960.0
27,3750000.0
5634,4790000.0
3808,3850000.0
313,1430000.0
4464,202508.0
2670,450000.0
411,510000.0
7366,3678360.0
5317,5400000.0
5039,1499187.0
7459,5881260.0
3077,5455200.0
4266,4318481.0
140,1183000.0
3067,5200000.0
5159,1703520.0
1226,601000.0
4480,8000000.0
169,326700.0
1118,795000.0
5252,8000000.0
2543,225000.0
3671,5000600.0
6365,16744218.0
4728,1312800.0
7178,1709538.0
2589,2400000.0
409,600000.0
4249,1700000.0
4804,2564127.0
814,1930000.0
143,650000.0
4334,1671694.0
6639,1100000.0
3408,2543750.0
3166,6750000.0
220,382000.0
7364,947276.0
6909,2433334.0
7290,11241218.0
13,1690000.0
3599,1352181.0
877,780000.0
3691,932546.0
767,3332000.0
3255,5564767.0
3609,757200.0
6203,15829688.0
3370,4172432.0
6699,2574120.0
4675,4553793.0
6098,2244601.0
6304,1674641.0
6364,15719062.0
5019,7727280.0
408,550000.0
1430,600000.0
1561,1320000.0
3057,62765.0
5381,3100000.0
5408,13000000.0
3106,2200000.0
381,715000.0
6921,4625000.0
6438,2083042.0
4160,15500000.0
2386,3000000.0
1954,1000000.0
1179,450000.0
4863,11800000.0
7188,1365720.0
4250,2074302.0
2414,247500.0
6734,4006080.0
4510,8219008.0
5098,719373.0
4323,14976754.0
1711,6300000.0
2205,1188333.5
5288,1670000.0
4927,8000000.0
4124,3616072.0
4878,5239437.0
5874,5050000.0
1252,8710000.0
4831,30963450.0
5823,4000000.0
5475,6300000.0
5649,967320.0
2210,2280000.0
634,2000000.0
5826,12323900.0
6327,3500000.0
4357,3441900.0
6210,13668750.0
7490,1921320.0
2674,9000000.0
3695,6500000.0
3010,9000000.0
1164,570000.0
623,325000.0
6732,50258.0
5933,9200000.0
6522,25686667.0
748,1200000.0
5081,9714461.0
7513,2368327.0
6604,8000000.0
7401,16698103.0
6088,8289130.0
6584,1403611.0
2017,4416666.5
5691,19317325.0
301,1300000.0
578,845000.0
2929,1559040.0
5511,20068563.0
6797,3278000.0
777,5760000.0
3471,18077903.0
5018,7258960.0
7125,2005560.0
7563,874636.0
5284,826046.0
443,5280000.0
5401,1229225.0
2286,1609235.0
1672,3773000.0
6845,2207040.0
1370,360000.0
3792,11375000.0
2993,1000000.0
3933,1769760.0
3493,11664000.0
7625,5960160.0
7208,2898000.0
6910,6000000.0
4751,1990000.0
3422,978600.0
3576,9080177.0
3087,687240.0
4584,1033930.0
6960,7238606.0
7254,1577230.0
726,1000000.0
4788,2800000.0
3648,5500000.0
4108,5800000.0
3946,735960.0
4110,8105500.0
6023,10045455.0
2458,7700000.0
4717,3348000.0
5637,1186459.0
1660,247500.0
1510,1875000.0
989,779960.0
2747,3750000.0
2984,1925000.0
4764,7000000.0
2999,2285000.0
1041,2000000.0
964,1650000.0
3013,12375000.0
5504,3615960.0
1852,250000.0
5736,5750000.0
4614,10890000.0
7069,14300000.0
584,2450000.0
6250,3076983.0
1774,1116000.0
6673,2090000.0
4738,1223166.0
796,3587000.0
2666,455000.0
6814,18063850.0
4679,5600000.0
2992,3320000.0
649,3100000.0
5942,5305000.0
4813,9000000.0
4703,1381920.0
7595,3241800.0
973,4252000.0
7289,1358880.0
6571,6875480.0
1631,1400000.0
4168,745046.0
5256,1082160.0
65,1600000.0
5026,5515875.0
7007,2923920.0
6543,3179493.0
7084,1258800.0
1607,1000000.0
4139,6200000.0
1716,500000.0
1412,3400000.0
4417,5500000.0
1306,1603861.0
2857,3164000.0
4077,1262275.0
994,2150000.0
3722,9226250.0
2837,1319000.0
2682,639000.0
956,3333000.0
7070,15330435.0
1762,250000.0
7005,8374646.0
1168,990000.0
5309,10000000.0
2689,1915680.0
2090,2500000.0
674,250000.0
1707,1935900.0
5009,26243760.0
6542,2493720.0
6165,3341558.0
6883,7630000.0
2600,1440000.0
1827,1601000.0
6636,1768800.0
2264,1070000.0
1196,550000.0
3101,813679.0
1238,2245000.0
369,475000.0
6926,8000000.0
6589,1550000.0
265,1500000.0
7230,1200720.0
3253,14983603.0
4115,2627400.0
7377,1404600.0
2004,247500.0
7642,1874400.0
6474,3762500.0
5770,7250000.0
1172,400000.0
3095,4000000.0
3298,1310400.0
2100,17531250.0
1526,923500.0
393,222500.0
4044,5800000.0
1481,120000.0
4394,5395000.0
1098,1000000.0
5476,6300000.0
2901,5048000.0
5815,4140000.0
7139,1483920.0
6972,15500000.0
1161,570000.0
3258,2425440.0
5766,861978.0
7260,816482.0
2684,321000.0
7566,1025831.0
6625,723716.0
7619,1471382.0
3086,2500000.0
3696,7812500.0
7212,1173380.0
4192,11950400.0
5048,12415000.0
1577,2200000.0
5444,5500000.0
58,937500.0
2413,550000.0
7056,23775506.0
5787,817000.0
5570,5381750.0
2673,2876640.0
1537,650000.0
7313,816482.0
6160,4000000.0
3643,1571335.0
6013,3250000.0
6872,2204370.0
6573,16400000.0
1554,600000.0
3333,1722240.0
5956,2986080.0
3500,2793505.0
5177,11710456.0
2515,250000.0
3636,2484000.0
4841,1223160.0
5344,9704595.0
3047,1273000.0
5888,6611571.0
3543,1286160.0
1066,1000000.0
2620,15937500.0
2480,3010000.0
2463,1587500.0
4818,1229255.0
3004,7101250.0
2811,2320000.0
7330,21000000.0
4827,17545000.0
7552,3028410.0
3499,2203080.0
4426,10105855.0
2719,3750000.0
5739,12000000.0
5836,855189.0
6828,1210080.0
6787,810000.0
3867,9196000.0
5768,2139720.0
6056,8500000.0
2373,21372000.0
515,1100000.0
6241,1409040.0
6307,171771.0
2631,7091250.0
5665,2815560.0
5278,798112.0
5547,7372000.0
6535,7900000.0
2482,4210000.0
2113,2250000.0
6033,4148510.0
5403,4665960.0
6471,947613.5
4131,751159.0
3527,3850000.0
5515,664209.0
4880,900000.0
3070,1352181.0
5233,6792500.0
7705,1312611.0
1509,1673000.0
754,1225000.0
4632,1172160.0
1476,3300000.0
6394,1341960.0
1861,3910000.0
2828,2000000.0
3261,11326219.0
5045,11350000.0
5313,13200000.0
4779,1146337.0
7624,36014.5
5264,3000000.0
6251,14693906.0
4073,1000000.0
5641,2000000.0
2720,4875000.0
1743,1445000.0
556,2655000.0
3032,1923000.0
4392,13333333.0
4562,663679.0
2281,1040000.0
2466,2200000.0
540,11720000.0
532,650000.0
7278,1160160.0
6189,2180443.0
5085,31305.0
2396,6510000.0
987,3957143.0
3093,3750000.0
781,1600000.0
5061,2585668.0
3068,6292000.0
3673,1600000.0
3080,10000000.0
2376,10121000.0
5208,1172400.0
175,525000.0
5088,2800000.0
6028,3150000.0
4855,1448490.0
332,1200000.0
5110,3610200.0
4981,9300000.0
6949,10337079.0
2498,930000.0
4698,3250000.0
4036,3380457.0
7581,13000000.0
52,225000.0
3185,1650000.0
4213,5393300.0
5210,1010040.0
5087,2146000.0
2856,2799240.0
7546,1296240.0
5407,12000000.0
2137,350000.0
3170,350000.0
2183,6000000.0
149,2525000.0
4356,3196050.0
387,6473000.0
4746,3867282.0
1627,355000.0
2401,5633037.0
320,1235000.0
2665,247500.0
1200,865000.0
1227,1390000.0
4743,7000000.0
3520,1262275.0
389,5125088.0
5633,2717161.0
1508,1471000.0
6476,10000000.0
7696,1312611.0
7256,947276.0
75,1750000.0
5094,3500000.0
6355,333334.0
6617,8575000.0
7395,845059.0
6905,78461.5
2838,9000000.0
4842,1886113.0
5043,9150000.0
520,1950000.0
3051,7794000.0
5764,687456.0
153,1085000.0
2371,18084000.0
1830,5000000.0
6668,18063850.0
7474,3333333.0
6970,2317920.0
5667,4250000.0
800,3370000.0
3135,2700000.0
233,942000.0
6944,1680360.0
7448,1348440.0
2948,862560.0
1785,2915000.0
940,575000.0
4641,16500000.0
5814,770610.0
936,500000.0
4952,4840000.0
6035,5860679.0
4197,20807922.0
6233,8000000.0
1046,2578400.0
2544,500000.0
7387,4096950.0
291,1802000.0
3128,62764.0
6514,3911380.0
6709,5731080.0
4891,1191000.0
3019,2200000.0
2490,7250000.0
1291,4042000.0
4291,512435.0
2844,15946875.0
5268,4000000.0
6955,1015421.0
6532,20061729.0
6821,1267000.0
2412,1219590.0
4857,1551659.0
4574,1475106.0
3790,8750000.0
5101,1700000.0
5712,12015904.0
7374,1015696.0
1730,272500.0
3145,2200000.0
1130,1193000.0
4588,203428.0
1985,3510000.0
2671,540000.0
505,4538000.0
3662,2643750.0
5643,3500000.0
7509,3578880.0
4618,1830000.0
7359,6000000.0
7607,2112480.0
5030,2000000.0
7645,1312611.0
3983,42203.0
1156,1300000.0
6865,5607240.0
1712,8100000.0
4280,638679.0
4067,3809524.0
3423,1509001.0
5669,2500000.0
6202,14860523.0
3381,12722500.0
2575,247500.0
6097,1409040.0
1236,2000000.0
3987,1687500.0
2810,2052360.0
4367,12500000.0
3838,4917000.0
6602,8000000.0
2117,2100000.0
2311,9925076.0
4534,12981038.0
606,1802000.0
5413,2333334.0
5422,4050452.5
3099,590850.0
1395,272250.0
4548,6453416.0
1110,730000.0
1400,2820000.0
5812,3505320.0
5625,4250000.0
6027,14000000.0
2962,1190760.0
2921,12000000.0
6822,3000000.0
491,2600000.0
249,2300000.0
3551,749160.0
312,1100000.0
3533,3000000.0
3739,831120.0
1231,2126000.0
1336,7843000.0
2980,4000000.0
309,2300000.0
1560,1260000.0
371,1625000.0
98,1125000.0
5724,220176.5
4808,1735305.0
1815,9360000.0
454,2500000.0
1943,1920000.0
7422,2000000.0
4211,3212402.0
948,1750000.0
968,2382000.0
4286,4350000.0
1320,5000000.0
4839,45369.0
4303,10200000.0
7531,1159680.0
2108,3425760.0
5927,1410598.0
5964,4000000.0
3213,699935.0
3532,2175000.0
6503,2354537.0
4050,3750000.0
2134,2812500.0
2923,8000000.0
3607,1219590.0
6283,885120.0
6976,4062000.0
1366,1964000.0
498,140000.0
2273,2900000.0
5713,13058606.0
6967,6655325.0
5961,3000000.0
5580,7000000.0
4424,9682435.0
4058,1071225.0
4570,6049400.0
300,1000000.0
10,725000.0
6421,2453880.0
2445,3750000.0
2039,1040000.0
6643,1707720.0
5847,7750000.0
1568,500000.0
6373,1156080.0
2963,5500000.0
5285,854957.0
352,1200000.0
2372,19728000.0
3664,3525000.0
3473,13876321.0
4721,15779912.0
2808,6000000.0
5197,15000000.0
7044,6796117.0
6998,788872.0
3104,350000.0
3268,10650000.0
2516,650000.0
2570,666000.0
5653,687456.0
6684,1054389.0
585,2900000.0
5194,11000000.0
1292,4643000.0
5176,12289544.0
2662,824935.0
462,1000000.0
5334,1567500.0
1422,3716500.0
4472,1930680.0
2220,385000.0
7488,2361360.0
7517,3807146.0
5991,17000000.0
5008,24559380.0
1024,3450000.0
4784,720046.0
1255,212000.0
2514,511125.0
5910,6053663.0
5315,8038500.0
6997,250000.0
1844,3900000.0
3939,3564000.0
2816,13500000.0
6072,2000040.0
2291,5740000.0
6221,11217391.0
4659,1419240.0
7471,4187599.0
804,900000.0
2759,3200000.0
3802,7840000.0
1962,7000000.0
4550,4500000.0
871,1250000.0
5436,10300000.0
3955,2862000.0
4962,10000000.0
4684,1229255.0
2124,272250.0
438,2220000.0
6659,7730337.0
1284,1000000.0
5975,13878000.0
5780,4000000.0
4566,1714440.0
2495,845000.0
3371,4460186.0
4290,677533.5
538,9740000.0
1956,270000.0
2734,8367187.0
1659,40000.0
3042,1411000.0
4647,1097640.0
4505,2550000.0
5053,3688737.0
7441,1655880.0
5489,12000000.0
5844,1086240.0
2707,5445600.0
7301,816482.0
5192,1512840.0
2080,1540000.0
5446,1265977.0
6475,4025000.0
1405,1200000.0
5905,4250000.0
7074,2894059.0
2170,3000000.0
4221,688679.0
3546,2546760.0
6563,2544529.0
308,2300000.0
2585,500000.0
5330,2300000.0
2520,225000.0
4699,3396250.0
5738,12000000.0
2806,4500000.0
2084,1440000.0
2890,703200.0
4015,7333333.0
686,950000.0
5328,1676280.0
5147,6061274.0
451,2400000.0
5183,854957.0
5051,3631449.0
3009,2107000.0
6576,1417800.0
71,350000.0
1452,650000.0
6235,8000000.0
2403,3606584.5
78,1920000.0
6470,1375000.0
5974,12744000.0
2248,2880000.0
1740,224000.0
1171,225000.0
3240,13500000.0
1779,2418750.0
1414,963415.0
2900,4700000.0
2047,5062500.0
6733,762195.0
4151,11815850.0
7426,1175880.0
6049,2500000.0
594,1319000.0
3561,498500.0
439,4000000.0
3957,12375000.0
3149,2160000.0
1166,500000.0
4617,1000000.0
567,1100000.0
723,1400000.0
6016,854957.0
5414,2471604.0
3326,590850.0
5613,6527491.0
5652,8947543.0
4182,4234000.0
5810,992680.0
3312,20598704.0
2815,12375000.0
2989,1339000.0
4796,620046.0
710,658000.0
3890,1750000.0
3979,471626.0
5057,6350000.0
6144,3377604.0
6904,802001.5
1477,4650000.0
3735,1604880.0
2061,1070000.0
5292,1306455.0
1837,3630000.0
7311,5200000.0
6455,3637073.0
5209,1928598.0
5704,3867500.0
6483,2138040.0
2140,2090000.0
2493,9860000.0
1092,560000.0
5441,1092600.0
1301,250000.0
64,3700000.0
3858,12775000.0
833,850000.0
6931,3741120.0
3870,11158000.0
5668,4250000.0
7390,3290000.0
4719,12455000.0
4181,4533300.0
3894,1517280.0
7388,3903900.0
3593,3250000.0
1443,1100000.0
2415,750000.0
6687,1660257.0
1094,1567000.0
171,3500000.0
5082,10151612.0
6448,10763500.0
4936,2834160.0
614,565180.0
4845,2500000.0
539,10780000.0
3228,350000.0
5865,1045560.0
3234,6187500.0
6598,780871.0
1316,2600000.0
3974,5610000.0
3937,3596000.0
4843,926678.0
6658,7191011.0
2320,10130000.0
6531,12250000.0
5356,1889760.0
3884,7000000.0
3964,11541074.0
4707,4250000.0
1549,8330000.0
7233,2500000.0
870,2457000.0
5186,1200000.0
3385,6233766.0
4245,6306182.0
3462,6807000.0
4995,5168539.0
4226,3000000.0
394,837000.0
3672,2369111.0
7634,2705040.0
4620,971160.0
2181,1150000.0
7323,1545840.0
5503,3380160.0
4861,8600000.0
3103,1029873.0
110,2600000.0
6927,7400000.0
4386,2607360.0
6788,870000.0
595,1300000.0
7434,99709.0
6434,882429.0
219,250000.0
5353,5475113.0
1256,650000.0
6505,5150000.0
6231,8000000.0
4216,7354500.0
7262,9607500.0
4265,3417000.0
7385,2151704.0
836,2520000.0
6866,7070730.0
1311,551000.0
3270,3180000.0
1221,1300000.0
1034,550000.0
5050,2863920.0
3503,1600000.0
6413,2913840.0
5827,14940152.0
5265,3500000.0
362,1128000.0
7439,11534.0
4597,895248.0
1556,597000.0
7058,12833333.0
1633,2820000.0
5859,3243000.0
7161,11825000.0
281,925000.0
5630,1830000.0
7406,845059.0
3487,5000000.0
4217,3000000.0
3668,4546000.0
2791,6322320.0
7684,100000.0
54,500000.0
1210,1300000.0
1599,4050000.0
917,1033000.0
7243,816482.0
4420,857760.0
6500,15500000.0
3564,2500000.0
6036,3000000.0
353,1920000.0
5693,13333333.0
2138,1430000.0
4272,17823000.0
1190,584000.0
2850,25244493.0
6776,1153800.0
7219,4961798.0
5461,5486250.0
7322,1104240.0
2303,4100000.0
3265,13320000.0
1047,7000000.0
7631,220806.33333333334
1125,1550000.0
5382,3354480.0
422,1250640.0
7468,3202217.0
133,850000.0
3075,4546000.0
5299,2382353.0
4754,1229255.0
1494,2376000.0
3357,13358905.0
5451,884881.0
1424,450000.0
2449,600000.0
2356,13455000.0
3995,2210000.0
5901,4250000.0
2078,1120000.0
5169,2201640.0
4887,5218622.0
3670,4546000.0
7452,2250000.0
2987,228946.0
1083,980000.0
4038,6750000.0
5237,1272120.0
537,8600000.0
5144,2870000.0
5410,5634625.5
3991,301893.0
1665,1750000.0
218,600000.0
2991,4290000.0
685,1040000.0
7082,788872.0
6271,854389.0
7582,2340600.0
6701,15925680.0
4701,3254175.5
5671,3135000.0
7172,10000000.0
5953,12000000.0
569,1600000.0
210,2100000.0
2788,12540000.0
7503,9003125.0
1671,3320000.0
2392,3990000.0
4348,11047619.0
1909,3740000.0
2879,1000680.0
5274,5200000.0
5116,4500000.0
2407,572500.0
1410,4000000.0
4285,4350000.0
7594,10714286.0
1151,2625000.0
3221,2716667.0
753,1100000.0
1183,1825000.0
6060,7000000.0
2499,1144000.0
7502,8375000.0
4777,8500000.0
1610,3400000.0
3536,3900000.0
519,1750000.0
3172,867120.0
145,1263000.0
4446,636679.0
5240,6138888.0
3843,7148800.0
1114,347000.0
1615,910000.0
3700,10812500.0
2070,845000.0
6721,3452183.0
6071,1869600.0
7479,1463040.0
6518,9213484.0
6791,1790557.3333333333
4337,15106000.0
116,1800000.0
7355,161622.0
3899,587435.0
2128,769000.0
6296,4000000.0
4053,1571640.0
2389,3184900.0
4035,2668080.0
2953,762435.0
3223,1700000.0
237,3333000.0
5791,3084240.0
4809,6900000.0
6749,2100000.0
63,3500000.0
4381,5632200.0
6884,4443360.0
3433,9500000.0
2643,16901500.0
6627,2947800.0
4825,15779912.0
5038,1448490.0
4996,5505618.0
47,550000.0
4602,1396440.0
5788,1048800.0
985,1791000.0
1473,1950000.0
6232,8000000.0
4195,17730694.0
4926,5456000.0
6328,3657500.0
639,1330000.0
2527,888000.0
5639,1044120.0
646,735000.0
3754,10960000.0
476,2121400.0
911,690000.0
6228,1081680.0
3972,1000000.0
7655,1780800.0
3669,4546000.0
2835,500000.0
5530,675000.0
7669,5519400.0
3498,2059320.0
3464,1503960.0
6651,2350820.0
6775,5192000.0
127,630000.0
104,1300000.0
1978,2000000.0
5266,4000000.0
4496,835200.0
3748,7000000.0
3549,6525000.0
6783,3672000.0
1416,1289000.0
6018,711517.0
3712,6000000.0
7676,1471382.0
822,2000000.0
6992,4900000.0
5120,7800000.0
3577,4000000.0
2442,3500000.0
5755,7692932.0
5854,1081440.0
7276,915243.0
4919,4000000.0
7478,3294994.0
5482,3666666.0
444,2000000.0
1970,1375000.0
1742,87450.0
6337,3380102.5
6873,14000000.0
4380,5215000.0
2721,5484375.0
7396,12500000.0
6966,6191000.0
179,890000.0
5161,3200000.0
1342,250000.0
511,550000.0
280,2640000.0
5833,4919875.333333333
6332,2035920.0
5463,5958750.0
1873,450000.0
5205,1223166.0
3247,8500000.0
5232,6500000.0
719,630000.0
7190,2269260.0
528,130000.0
4425,10105855.0
7137,50000.0
4358,118735.0
3985,1419026.0
5025,9000000.0
1948,1700000.0
3705,1244880.0
1930,1600000.0
3594,3656250.0
2931,7166666.0
6215,12943020.0
342,200000.0
4486,1200000.0
3233,5987500.0
3495,13392000.0
564,322000.0
1388,275000.0
842,1787000.0
4202,4000000.0
4459,563679.0
5737,6210000.0
1135,1000000.0
4691,771331.0
1609,3033000.0
3505,2100000.0
1886,670000.0
3782,5000000.0
1499,5845000.0
4304,11200000.0
4436,1229255.0
7045,1208400.0
4615,563679.0
5937,2332800.0
2083,1200000.0
3526,3500000.0
3560,1141838.0
3525,688679.0
3133,2250000.0
2564,5400000.0
3878,6000000.0
4957,2051938.0
6161,4000000.0
2256,182900.0
7662,1312611.0
3488,5625000.0
3749,8937931.0
2573,1400000.0
123,550000.0
2764,5394125.0
6752,915852.0
1835,4500000.0
152,1000000.0
3465,1608840.0
359,530000.0
1439,1807000.0
3812,3557585.0
6795,5293080.0
1103,310000.0
361,1128000.0
5993,797581.0
5839,2416067.0
4478,10561960.0
5741,28703704.0
3334,1842480.0
2981,4400000.0
7399,1000000.0
7601,1921320.0
6679,1929600.0
485,1900000.0
5416,8219009.0
1797,1750000.0
7259,1750000.0
6778,2225479.0
4564,1082160.0
1899,1733000.0
413,640000.0
5563,2780160.0
7014,3333333.0
1206,4000000.0
6618,718553.5
6166,589769.0
4830,22971000.0
7444,1524305.0
4098,3000000.0
7240,2891760.0
36,2075000.0
3608,300718.0
4140,1216080.0
5492,283953.0
4586,1187686.0
4906,3261583.0
5919,711517.0
4203,4000000.0
5295,2134067.0
1140,1100000.0
652,4050000.0
7271,12921348.0
2872,1478880.0
2077,910000.0
1345,477000.0
1907,3060000.0
6378,1054000.0
5501,1950000.0
7548,3704160.0
2351,2200000.0
6753,1500000.0
7522,12000000.0
7587,1471382.0
7487,1350120.0
3147,2640000.0
2136,1030000.0
1706,2252000.0
7077,1905360.0
2189,2000000.0
4555,3300000.0
4527,6749260.0
3718,6325000.0
4780,695046.0
4268,12364000.0
16,550000.0
5488,12000000.0
6479,1600000.0
4896,1375000.0
1209,1100000.0
6004,4578880.0
426,1519000.0
3190,1209000.0
2748,4050000.0
7006,1750000.0
3432,9100000.0
1165,1000000.0
2443,3000000.0
5100,3000000.0
4049,4750000.0
1690,1808000.0
5119,3995003.0
4680,6100000.0
6545,8000000.0
1489,360000.0
7114,7000000.0
4900,1785960.0
1270,650000.0
2648,1975000.0
3438,1693560.0
2342,1636000.0
19,750000.0
1751,6250000.0
766,2869000.0
2723,6703125.0
1205,3500000.0
4390,9999999.0
4910,150000.0
2400,4799108.0
4148,9000000.0
5000,14410581.0
1233,2350000.0
6290,2750000.0
4344,2231808.0
1263,2300000.0
115,1055000.0
3121,832440.0
536,3300000.0
855,1690000.0
1359,469000.0
3942,465850.0
1505,1100000.0
790,1200000.0
1010,1350000.0
6826,1500000.0
3050,7144500.0
4088,6212960.0
7292,880000.0
7316,3046299.0
1283,1925000.0
920,250000.0
4057,1020000.0
6516,1741440.0
4142,1995611.0
3297,1224960.0
6841,1129200.0
7618,874636.0
6214,12385364.0
5565,3771133.0
4945,23200000.0
4313,1499000.0
5913,17832627.0
1302,350000.0
5301,5565000.0
2165,4348094.0
5225,937440.0
3079,6364400.0
6020,1315080.0
7066,17000000.0
34,775000.0
2252,4455000.0
7186,4666500.0
1435,5112500.0
7215,1703760.0
2254,1750000.0
1780,2687500.0
2192,2000000.0
3623,14850000.0
3960,8740000.0
2750,2325000.0
700,2145000.0
3597,1147533.0
802,675000.0
982,1250000.0
6703,18314532.0
2606,4250000.0
7518,2637720.0
4871,5155115.0
6722,14746000.0
4829,20644400.0
4984,2652000.0
4668,1053720.0
1458,275000.0
287,360000.0
6640,1227000.0
5109,1223166.0
2046,4850000.0
1275,2313000.0
5142,3941000.0
4940,15691000.0
5923,3500000.0
6142,1547640.0
7547,3551160.0
2863,10000000.0
2237,14343750.0
1027,2375000.0
3686,1593000.0
4540,2500000.0
1866,6625000.0
2685,2363000.0
6965,1650000.0
4726,22192730.0
5125,1272279.0
721,715000.0
21,2670000.0
62,3500000.0
3516,6187500.0
3734,1500120.0
4762,7500000.0
2043,3500000.0
5761,20072033.0
5718,2000000.0
3943,2754120.0
6671,250000.0
6021,2094922.0
1950,1260000.0
2530,5110000.0
4895,4500000.0
5323,3942000.0
3799,2436813.0
72,140000.0
7198,10500000.0
1501,7520000.0
7622,874636.0
4149,10215850.0
5165,2494012.5
1268,480000.0
3558,900498.0
6739,5628000.0
1721,5000000.0
2865,11749832.0
3891,2000000.0
174,600000.0
6487,1185784.0
6227,736420.0
4469,998398.0
6393,1254480.0
7279,794727.6666666666
403,825000.0
1428,1340000.0
5934,15000000.0
4920,4320000.0
6482,1998600.0
3175,2644230.0
7113,6511628.0
6680,2958077.0
4360,856200.0
892,8800000.0
6896,17638063.0
535,3000000.0
887,2600000.0
7567,1471382.0
6309,5546160.0
2803,500000.0
4395,5799625.0
909,757375.0
7635,874636.0
6273,1145685.0
2604,1240000.0
4489,3315000.0
2784,17000000.0
6527,2253062.0
2370,16440000.0
2250,3600000.0
7339,4470480.0
6950,1596360.0
5267,4000000.0
3387,7792208.0
7176,3333333.0
4262,1009920.0
7224,1250000.0
5029,2000000.0
6798,3425510.0
1593,700000.0
1905,2380000.0
1385,202000.0
5546,6925400.0
3491,7500000.0
5813,3749880.0
1427,500000.0
2393,4370000.0
2588,2200000.0
1295,4000000.0
7059,11933333.0
3127,425000.0
2952,3125000.0
6082,5443918.0
5935,2116955.0
4231,819550.0
2866,11227250.0
5945,6021175.0
3649,6077500.0
5762,31269231.0
4421,917520.0
1274,2213000.0
6451,3290000.0
2609,5843750.0
3290,5000000.0
1767,800000.0
1754,4887500.0
221,1537000.0
3530,2526566.5
5099,3000000.0
745,550000.0
4793,1475106.0
5318,1437240.0
2771,1000000.0
2833,4086849.5
5866,1118520.0
534,1000000.0
6994,1442880.0
2649,297000.0
2284,1081250.0
1929,1070000.0
2196,2640000.0
39,425000.0
6416,9887642.0
7680,1312611.0
3494,12528000.0
7160,11000000.0
7061,12000000.0
6606,19000000.0
1814,7800000.0
4944,20000000.0
4239,9075000.0
7647,1312611.0
2853,23500000.0
6011,884881.0
1116,250000.0
4398,800000.0
557,2940000.0
349,1200000.0
2645,1976400.0
4934,1978920.0
5578,8287500.0
5404,4991520.0
693,2599900.0
5415,7438018.0
477,2121000.0
5851,12500000.0
3282,5000600.0
6989,4947840.0
4361,9450000.0
4279,512435.0
4402,3413793.0
6661,8808989.0
6222,12000000.0
6908,2433333.0
2885,2700000.0
7294,1599840.0
4198,930720.0
3025,2250000.0
5118,2947440.0
172,1000000.0
2132,2381000.0
5880,5930414.0
1071,130000.0
6953,884293.0
4040,8376194.0
3626,824935.0
1324,1030000.0
2829,2200000.0
7699,2422560.0
5105,1740000.0
3288,2200000.0
5056,5750000.0
3758,17810000.0
7568,1500000.0
1124,2000000.0
7321,5000000.0
820,1100000.0
1901,1160000.0
1936,2880000.0
4905,5300000.0
162,675000.0
6207,2819880.0
2797,5004000.0
738,590000.0
101,2800000.0
541,12660000.0
5175,12868632.0
6662,3627720.0
4986,2200000.0
5929,3516960.0
2081,455000.0
1032,765000.0
5965,6500000.0
7047,5375760.0
2261,2370000.0
1346,477000.0
5750,4394225.0
2228,700000.0
3850,5687000.0
6409,4797664.0
981,1050000.0
4723,17545000.0
136,1375000.0
4950,4000000.0
7544,2319360.0
2801,1051000.0
6122,20869566.0
5096,1500000.0
2223,4570000.0
5973,11610000.0
4331,10505000.0
5622,770610.0
3906,6750000.0
430,2382700.0
5052,6000000.0
1944,2400000.0
1188,1465000.0
1309,401951.0
4485,563679.0
6746,762195.0
4389,8888888.0
2431,2160000.0
3988,998967.0
837,3140000.0
1652,125000.0
6083,5192000.0
12,1330000.0
4263,1080360.0
1155,1070000.0
7469,3807120.0
6125,2292600.0
5064,3750000.0
897,800000.0
6254,21165675.0
2647,6500000.0
3835,1400000.0
5173,13531750.0
3235,6620063.0
1656,1498000.0
1527,2400000.0
1013,4000000.0
3162,350000.0
3154,5000000.0
810,2156000.0
941,2002000.0
3563,621802.5
2819,14611570.0
3620,12150000.0
299,1300000.0
6230,2086360.0
3482,749160.0
2420,1235000.0
2990,3810000.0
3981,2423280.0
3721,8425625.0
214,2245000.0
6116,1196760.0
7481,362878.0
4646,12307692.0
3517,6875000.0
6292,5257229.0
7486,1294440.0
4785,819551.0
6634,145749.0
3877,946920.0
3881,1528440.0
975,408000.0
3759,6635068.0
6003,1547640.0
2148,3200000.0
3914,1500000.0
2398,4605196.0
4532,10728130.0
4309,9282000.0
2021,5130000.0
770,1050000.0
154,1386000.0
4241,3000000.0
2063,1760000.0
2654,1600000.0
1710,5400000.0
32,300000.0
6726,1097520.0
1080,1020000.0
5393,1375604.0
5889,7305786.0
1364,1228000.0
2765,5884500.0
4557,2500000.0
1128,3200000.0
3215,932546.0
1802,250000.0
2300,1750000.0
7326,2844429.0
2785,9720000.0
5386,664209.0
2325,15750000.0
4351,214758.0
7022,2000000.0
1352,1122000.0
278,1920000.0
850,2400000.0
7097,1082520.0
4963,10000000.0
7357,981084.0
645,535000.0
3219,1262275.0
2597,247500.0
4798,6050000.0
6672,2000000.0
2439,2400000.0
7314,1971960.0
7550,1471382.0
3638,2000856.0
2523,1235000.0
834,850000.0
3266,14724125.0
4688,500000.0
5427,1740000.0
4730,2157097.0
5606,1369920.0
6246,11242000.0
3519,8937500.0
420,3360390.0
6289,165099.5
7446,1015696.0
2093,956000.0
6081,5219169.0
3962,10142156.0
2830,5500000.0
5395,2510000.0
5644,3500000.0
4353,2458500.0
66,590000.0
7586,874636.0
6285,5305000.0
6384,5000000.0
6649,1294920.0
1650,800000.0
1980,500000.0
7508,3431040.0
657,2380000.0
2462,1363000.0
3412,10865250.0
5287,1146337.0
1230,1635000.0
4501,1260360.0
1897,1186000.0
2937,2266320.0
6818,4000000.0
3,1309000.0
555,561000.0
6217,6790640.0
2941,11250000.0
1276,2863000.0
3012,11250000.0
1737,1800000.0
5830,18466130.0
5864,7579366.0
3716,5060000.0
2231,8000000.0
1327,705000.0
2387,2000000.0
6650,1385280.0
1628,400000.0
1408,1513000.0
3390,14880000.0
5670,3000000.0
7225,5563920.0
5254,6850000.0
51,1000000.0
3941,2246400.0
2518,825000.0
4619,140304.5
4902,2535260.0
2417,1270549.0
6311,16402500.0
3392,18876000.0
6770,2096760.0
1734,3175000.0
6488,4304520.0
5608,1675000.0
2926,116713.0
4079,28405.0
5150,16647180.0
1653,250000.0
4055,2531250.0
1040,2000000.0
1482,658000.0
3477,3400000.0
6840,1082520.0
1199,705000.0
6940,762195.0
7154,1662961.0
762,1275000.0
2532,6030000.0
2706,4991800.0
1958,250000.0
4810,7624500.0
5331,2500000.0
3317,10361446.0
3615,12330000.0
6774,6050000.0
3555,630850.0
7170,2793960.0
3378,10623288.0
7193,1074720.0
2880,1131000.0
5400,848266.0
4274,19000000.0
6637,1892280.0
2920,12443735.0
7136,121784.0
6539,8400000.0
1648,11335714.0
1265,2200000.0
6025,12909091.0
4623,7851240.0
3400,1870000.0
6464,854389.0
5721,797581.0
6022,9090911.0
4173,1300000.0
1895,247500.0
6256,1745520.0
683,940000.0
1613,4734797.0
1513,3000000.0
437,1650000.0
183,922000.0
7386,4000000.0
2582,784000.0
3928,5675000.0
6496,2588590.0
4947,620046.0
1061,405000.0
4373,1862880.0
4008,2500000.0
3502,825000.0
5778,1268160.0
6804,2150188.0
6280,8000000.0
18,725000.0
972,4002000.0
1281,1450000.0
5540,264232.0
2304,1030000.0
6605,8800000.0
264,475000.0
6126,3042280.0
6172,3913992.5
6713,18907725.0
6691,1097520.0
6621,2214480.0
1246,3440000.0
2302,3800000.0
4716,3129720.0
967,2002000.0
2994,325000.0
4047,2177063.5
1580,7000000.0
4994,4831461.0
5860,4500000.0
3307,10865250.0
3554,510000.0
2974,9300500.0
7589,1471382.0
3542,1033227.5
4456,15000000.0
2341,767000.0
1448,3350000.0
6276,4456200.0
5277,745248.0
5581,12250000.0
7646,1312611.0
5943,5543725.0
1654,325000.0
2229,2080000.0
644,430000.0
7291,12236535.0
1998,4250000.0
7627,2463840.0
5955,27734405.0
5539,838034.0
6106,992680.0
2282,1235000.0
341,340000.0
7049,7070730.0
6477,10000000.0
3478,3500000.0
3001,4370000.0
4695,1765000.0
6351,2016000.0
5996,992680.0
2107,2650000.0
6336,5643750.0
2695,1602120.0
7593,3578948.0
4766,719373.0
5700,4403834.0
1524,2480000.0
886,2002000.0
2842,13500000.0
1738,1800000.0
4330,11000000.0
2185,6585000.0
7317,1577230.0
4004,13250000.0
2526,722000.0
2497,1524305.0
6269,22642350.0
742,2775000.0
1469,350000.0
1932,328750.0
5664,2631840.0
4084,4550000.0
5294,1297080.0
1776,645000.0
3815,11465333.0
3431,8350000.0
4988,2500000.0
7671,1312611.0
4283,4350000.0
5999,3445946.0
4267,10993000.0
3397,809280.0
6742,1276560.0
6878,1105560.0
1304,504000.0
7362,474000.0
5553,2537880.0
1105,1900000.0
2774,715850.0
1063,606000.0
4246,1150000.0
7389,845059.0
189,326700.0
2346,4837633.0
2076,250000.0
7209,11000000.0
6751,12000000.0
5148,13758000.0
1639,200000.0
3220,1619880.0
1459,325000.0
5837,1470360.0
193,1860000.0
4338,16452000.0
5720,729000.0
4232,1643040.0
3887,2115000.0
5550,2170465.0
3506,5350000.0
2216,3075600.0
3652,3246960.0
2073,845000.0
7185,4837500.0
2391,3360000.0
3967,4225000.0
6173,80488.0
5586,2110550.0
5551,1551659.0
2470,3000000.0
4377,1669800.0
6063,2814196.0
3327,2000000.0
7683,3355320.0
6645,12173913.0
1474,2400000.0
7257,18500000.0
6490,13701250.0
5584,1680600.0
5394,8471339.0
96,700000.0
7688,1577230.0
5893,26540100.0
1260,1400000.0
4889,7020000.0
4155,5200000.0
448,600000.0
3861,1689360.0
5431,11000000.0
633,2977000.0
2002,150000.0
1990,5899400.0
3031,1701720.0
260,780000.0
151,1600000.0
4759,9000000.0
4708,4930000.0
3674,1600000.0
6786,8550000.0
263,390000.0
1746,1355000.0
7226,2298638.0
3161,4402500.0
4983,8500000.0
4877,5746479.0
4302,2266794.0
6317,2956658.0
5347,682051.0
4673,3966207.0
6499,14898938.0
6854,57672.0
821,1750000.0
290,1802000.0
5605,1280640.0
4578,3100000.0
4800,4000000.0
28,6101906.0
3094,4125000.0
1584,4000000.0
6155,2790343.0
1579,7000000.0
3765,523500.0
4491,3945000.0
6560,22642350.0
5333,1500000.0
1021,1920000.0
6877,962195.0
5614,8500000.0
2298,3640000.0
3757,16440000.0
252,3594000.0
4697,1229255.0
5448,1492440.0
235,4133000.0
6108,1123680.0
5070,3500000.0
7617,4149242.0
1028,1030000.0
1322,7000000.0
5435,8360000.0
5692,12403101.0
5095,3500000.0
3174,4550000.0
5405,6294310.0
1178,2367000.0
7418,3777720.0
2728,4781250.0
1695,1200000.0
5673,2500000.0
1623,5550000.0
5392,4132419.5
3107,2500000.0
5947,4307640.0
6297,1027424.0
4873,5000000.0
2494,12071250.0
102,510000.0
1229,1502000.0
2629,5910000.0
1915,326700.0
3309,12676125.0
1415,1030000.0
4732,1038960.0
3262,12584688.0
4611,8500000.0
1243,3937500.0
3335,2343635.0
1048,5700000.0
3156,1600000.0
3778,6730800.0
1197,650000.0
4594,1223116.0
6429,1071000.0
7527,845059.0
5273,5200000.0
1933,1600000.0
1520,1138000.0
1758,1165000.0
6987,11750000.0
5904,4250000.0
5572,4174800.0
2468,3000000.0
7350,1690680.0
2913,16000000.0
1846,1925000.0
2809,6500000.0
6696,6250000.0
704,1162000.0
4735,3500000.0
4884,750000.0
1703,760000.0
5281,1300000.0
7132,14100000.0
612,565000.0
2977,647400.0
906,1195000.0
6578,2338721.0
6911,4000000.0
615,565000.0
2095,6000000.0
2546,2500000.0
1277,130000.0
3935,3100000.0
3384,4413375.0
7175,3333333.0
2018,4591666.5
5920,1000497.0
2432,2520000.0
1530,1100000.0
5528,1000000.0
6377,986000.0
6192,4190182.0
5220,1272279.0
6370,5500000.0
7610,1453680.0
1457,12375000.0
2033,400000.0
5525,2442455.0
7144,4950000.0
3659,1019280.0
943,760000.0
4733,1817141.0
2501,2200000.0
5772,6190000.0
2956,1035000.0
5390,5900000.0
1340,100000.0
5790,2883120.0
2653,938679.0
3617,15070000.0
5628,3000000.0
5329,2562426.0
1201,1025000.0
2190,2000000.0
5783,1146337.0
7197,5500000.0
1134,430000.0
2598,326700.0
3078,5909800.0
215,2923000.0
1926,2740000.0
3647,5500000.0
4582,596295.0
5915,20158622.0
4384,1352181.0
5367,748656.0
1423,400000.0
5326,4818000.0
5308,2243543.0
1394,247500.0
1401,3150000.0
6341,2050000.0
5370,1238640.0
5541,967920.0
3294,5863580.0
4461,720046.0
7202,5500000.0
7561,3909840.0
1764,420000.0
6979,762195.0
1602,650000.0
6181,7500000.0
4065,465850.0
4580,622531.0
7,1115000.0
720,575000.0
6127,3000000.0
4915,6500000.0
4912,1638000.0
3714,797880.0
5354,1410598.0
5661,2077000.0
4409,10560000.0
5383,3596000.0
4756,74569.5
4753,1223166.0
4085,4550000.0
812,1690000.0
7127,2144722.0
2681,2640000.0
5452,992680.0
5832,5500000.0
5275,2898000.0
1413,2250000.0
2591,2800000.0
1347,150000.0
244,12051510.0
1449,3830000.0
741,1363000.0
2489,6380000.0
958,3333000.0
1211,1400000.0
204,1340000.0
4430,1458000.0
7035,1330000.0
5963,8500000.0
3341,12000084.0
6118,10850000.0
2151,3233000.0
7145,16000000.0
7454,421449.0
2350,2000000.0
4371,14445313.0
1664,2000000.0
2616,8400000.0
2359,1830000.0
7557,1713840.0
849,2000000.0
1376,1337000.0
3666,849720.0
6929,757712.0
730,1510000.0
6868,17638063.0
1493,1595000.0
4481,8000000.0
7126,915243.0
5612,5176440.0
5157,23500000.0
2287,1400000.0
530,350000.0
2902,3700000.0
3740,565850.0
2584,400000.0
3697,8625000.0
3703,5000000.0
5241,7800000.0
4710,4000000.0
257,550000.0
6530,12350000.0
4985,2100000.0
2327,247500.0
6622,2369040.0
5876,3500000.0
7244,947276.0
3780,7807728.0
656,1980000.0
7093,916099.0
4899,1232713.0
1059,2333000.0
261,780000.0
4224,4750000.0
853,1400000.0
3142,1200000.0
256,1100000.0
6177,915243.0
7597,937800.0
4369,12500000.0
6837,15260000.0
1855,500000.0
7562,4078320.0
642,400000.0
3954,2650000.0
5499,2500000.0
3041,784200.0
7037,3000000.0
6445,4151640.0
7100,1551840.0
4937,3031920.0
4657,2643600.0
4552,6226200.0
5838,1572960.0
2225,1400000.0
2933,8966667.0
678,1000000.0
6178,1836000.0
7108,13618750.0
3879,6500000.0
7652,1794600.0
1563,2475000.0
1108,3295000.0
4724,19067500.0
6075,1714800.0
1239,2400000.0
4545,3214080.0
7701,1312611.0
4868,4018182.0
3975,6120000.0
1402,3000000.0
6587,854389.0
1590,126300.0
838,3610000.0
452,2400000.0
92,4800000.0
6415,3958742.0
5507,14940153.0
7506,981348.0
3592,1200000.0
1960,890000.0
3158,2400000.0
5906,10470000.0
7599,4384490.0
4179,3500000.0
5976,15012000.0
2011,4264000.0
6823,3000000.0
2333,15000000.0
4925,5104000.0
1044,1786000.0
1666,1925000.0
2951,2670000.0
7228,283367.0
830,300000.0
7694,1312611.0
3193,6500000.0
630,1860000.0
5760,9500000.0
7167,981300.0
6199,3480000.0
746,650000.0
3322,2700000.0
2485,112797.0
1511,272250.0
3148,1910000.0
3427,5394125.0
5958,4050499.0
5376,3150000.0
6372,2500000.0
2338,5408700.0
2329,1702000.0
4826,16022500.0
6132,9000000.0
1465,1853000.0
2549,521000.0
1058,2333000.0
757,1100000.0
6318,4000000.0
373,2990000.0
472,1100000.0
7241,3678319.0
660,2200000.0
4125,3886928.0
4760,4500000.0
3475,15333334.0
445,2200000.0
3045,5062500.0
5857,3703472.0
3115,1485000.0
7351,1763400.0
419,12000000.0
7191,5628000.0
5360,1146337.0
6675,831942.0
3246,4174893.0
7203,5300000.0
6667,16957900.0
6333,2178000.0
5437,10770000.0
3751,1662240.0
5527,664209.0
1964,8300000.0
2545,600000.0
7427,21974719.0
727,100000.0
2257,400000.0
3254,6217617.0
2456,6300000.0
86,2100000.0
4039,7623813.0
2487,4640000.0
3318,10000000.0
608,1350000.0
3846,630850.0
3242,5000000.0
5663,296950.0
5247,4540525.0
5635,4710000.0
5732,1163520.0
7456,845059.0
3514,2554072.0
6030,3375600.0
5957,3194400.0
2402,6016965.0
2713,1306455.0
5178,11131368.0
1736,3000000.0
1503,9185000.0
3855,8000000.0
3966,3575000.0
5191,5000000.0
5769,2839408.0
6607,85186.5
2686,821000.0
2594,5200000.0
6932,4002120.0
7247,2300040.0
6103,18735364.0
2834,4467500.0
5143,4059000.0
3469,12584688.0
6861,16000000.0
4080,966000.0
7461,980431.0
4159,16000000.0
7110,2111160.0
1997,3750000.0
4805,1200000.0
552,2406250.0
1843,3200000.0
5930,4455988.0
5881,6344164.0
7650,3073800.0
1485,1080000.0
5103,1500000.0
986,3557000.0
736,350000.0
5379,664209.0
806,1750000.0
776,5236000.0
3284,1920000.0
6112,2814000.0
5925,3500000.0
5200,1100000.0
2053,2400000.0
2160,3472000.0
6120,11765500.0
5797,2759628.0
5682,7420912.0
5706,4000000.0
168,247500.0
7343,816482.0
474,1646000.0
2324,14625000.0
618,300000.0
3535,3600000.0
3523,625000.0
5711,10973202.0
4484,517220.0
4346,9206349.0
5938,2974320.0
1203,3000000.0
6800,17131148.0
628,1410000.0
1153,3000000.0
303,1310000.0
6718,122942.0
4776,8000000.0
561,500000.0
5262,3500000.0
155,1086000.0
2688,1695000.0
2238,15937500.0
6695,6250000.0
713,850000.0
4111,8685500.0
5261,7000000.0
5948,5444857.0
6857,186656.0
4318,2358954.0
3463,304897.0
5255,6650000.0
212,425000.0
1453,2000000.0
6062,1900200.0
4916,6500000.0
4585,1141838.0
2378,3560000.0
2763,4903750.0
158,1885000.0
3311,19014188.0
4627,6292135.0
2973,8900000.0
4742,12025694.0
7338,14041096.0
5970,1788033.0
6767,12541812.0
6357,736420.0
1431,1112000.0
